﻿<?xml version="1.0" encoding="utf-8" ?>
<Patch>
	
	<!-- Adding Animals To Faction Bases for Defense -->
	<Operation Class="PatchOperationAdd">
		<xpath>/Defs/FactionDef[@Name = "OutlanderFactionBase"]/pawnGroupMakers/li[4]/options</xpath>
		<value>
			<LabradorRetriever>15</LabradorRetriever>
		</value>
    </Operation>
	
	<Operation Class="PatchOperationAdd">
		<xpath>/Defs/FactionDef[@Name = "TribeBase"]/pawnGroupMakers/li[6]/options</xpath>
		<value>
			<WildBoar>20</WildBoar>
		    <Wolf_Timber>14</Wolf_Timber>
		</value>
    </Operation>
	
	<Operation Class="PatchOperationAdd">
		<xpath>/Defs/FactionDef[defName = "Pirate"]/pawnGroupMakers/li[7]/options</xpath>
		<value>
			<Boomrat>2</Boomrat>
		</value>
    </Operation>
	
	
	
	<!-- Adding Animals To Faction Raid Parties -->
	<Operation Class="PatchOperationAdd">
		<xpath>/Defs/FactionDef[@Name = "OutlanderFactionBase"]/pawnGroupMakers/li[1]/options</xpath>
		<value>
			<LabradorRetriever>7</LabradorRetriever>
		</value>
    </Operation>
	
	<Operation Class="PatchOperationAdd">
		<xpath>/Defs/FactionDef[@Name = "TribeBase"]/pawnGroupMakers/li[3]/options</xpath>
		<value>
			<WildBoar>10</WildBoar>
		    <Wolf_Timber>10</Wolf_Timber>
		</value>
    </Operation>
	
	<Operation Class="PatchOperationAdd">
		<xpath>/Defs/FactionDef[defName = "Pirate"]/pawnGroupMakers/li[2]/options</xpath>
		<value>
			<Boomrat>2</Boomrat>
		</value>
    </Operation>
  
</Patch>